PRODUCTOR;CAMPO;CLP;;CAMION;RAZON SOCIAL TRANSPORTISTA;CHOFER/BREVETE;"CODIGO
INTERNO";JABAS;PESO
 EL PRODUCTOR EIRL / 1;CAMPO VERDE - MAJES - CAYLLOMA - AREQUIPA;024-39987-01;;VOLVO V2U839;WJ CONSTRUCKGOLD SERVICIOS GENERALES  S.A.C.;FLORENCIO PILLCO / H45363531;1;ROJO ;1.5
COTACALLAPA VENEGAS JUAN / 2;VIÑEDO CELESTIAL - MAJES - CAYLLOMA - AREQUIPA;024-28863-01;;VOLVO V6V 982;TRANSPORTES MARWILL E.I.R.L;EDWIN TICONA / H46188629;2;VERDE;1.25
BUSTINZA CACERES MILTON ELIAS / 3;LOMA VERDE - MAJES - CAYLLOMA - AREQUIPA; 024-17826-02;;VOLVO T1L 853; TORRES FERNANDEZ SANDRA;WILLIAM VALDIVIA / H29509595;3;ROJO NUEVO;1.58
CAMPO TAC S.A.C / 4.1;TACNA-JORGE-LOCUMBA FUNDO NUEVO SOL;027-22820-02;;VOLVO / VIF-926; RODRIGUEZ CUBA AMERICA AURELIA;EDWIN SAMATA-Q72264077;4.1;;
CAMPO TAC S.A.C. / 4.2;FUNDO AGROINDUSTRIAL JESSICA - MAJES - CAYLLOMA - AREQUIPA; 027-22820-02;;VOLVO/B5E - 830;TRANSPORTES Y NEGOCIOS E & D S.A.C;SABINO RODRIGUEZ/ F71787174;4.2;;
AGROMAROCEVA S.A.C. / 5;PEDRO LEON AREQUIPA -CAYLLOMA-MAJES; 024-19565-03;;VOLVO / A7M-918; TORRES FERNANDEZ SANDRA;DANIEL CALDERON / H41087194;5;;
AGROINVERSIONES GASTON DE MAJES E.I.R.L. / 6;SAN ISIDRO - AREQUIPA-CAYLLOMA-MAJES; 024-29902-01;;HINO/CDO-855;CALDERON PACHECO MICHELL GIOVANNY;JULIO JUAREZ / H40529364;6;;
ANAGRA IMPORT EXPORT SAC   / 7;1-AREQUIPA-CAYLLOMA-MAJES;024-19996-02;;VOLVO / B4W-866; TORRES FERNANDEZ SANDRA;GIOVANNY CALDERON-H29611878;7;;
ALVARADO HURTADO FELICITAS ROSA / 8;IIRIGACION SAN ANTONIO SIGLO XXI LOTE 6 MOQUEGUA-MARISCAL NIETO - MOQUEGUA;026-41473-01;;VOLVO / A7M-918;RODRIGUEZ CUBA AMERICA AURELIA;EDWIN CALIZAYA / H43179129;8;;
AGRO TEC TERRA S.A.C / 9;FUNDO SANTA CLARA AREQUIPA-AREQUIPA-SANTA RITA DE SIGUAS;02419564-03;;ISUZU B6F-784;WJ CONSTRUCKGOLD SERVICIOS GENERALES  S.A.C.;JOSE CHORA-H42798667;9;;
TEJADA TEJADA MARIA NANCY / 10;FUNDO SEÑOR DE LA PEÑA DE YATO AREQUIPA-CASTILLA-APLAO;024-28773-01;;VOLVO / B5E-830;TRANSPORT D Y N GULY E.I.R.L;DEYVI JUAREZ ORTIZ/H43222320;10;;
CACERES DE CHECA LILIAN FRANCISCA / 11;NDO LAS DELICIAS D4 -AREQUIPA-CAYLLOMA-MAJES;024-29783-02;;VOLVO/A7M-918;DONAYRE NAVARRETE ANTHONY BRYAN;WILLIAM VALDIVIA / H29509595;11;;
OASIS I SANTA RITA S.A.C. / 12;SANTA RITA DE SIGUAS - AREQUIPA - AREQUIPA ;024-40721-01;;VOLVO V2U-839;EMPRESA DE TRANSPORTE AZUR EMPRESA INDIVIDUAL DE;JUNIOR DONAYRE/F47351386;12;;
GRUPO FRANJOR S.R.L. /13;SANTA LUCIA B Y R  - AREQUIPA- CAYLLOMA-MAJES;024-17844-01;;HINO/CDO-855;EMPRESA DE TRANSPORTES PEREGRINO´S E HIJOS E.I.R.;ROD ROBERT CASTAÑEDA JURADO / F46171111;13;;
CACERES ZEGARRA RUBEN ALFREDO/14;SAN JUAN DE SIGUAS - AREQUIPA- AREQUIPA;024-00664-01;;VOLVO / V1F-926;TRANSPORTE & SERVICIOS VALLE DEL SUR S.A.C.;EULOGIO HUANCACHOQUE/H41965040;14;;
NUÑEZ QUIROZ LUIS ALBERTO /15;FUNDO VIREN DE CHAPI- CAYLLOMA - AREQUPA;024-19845-01;;VOLVO/C4V916;MULTISERVICIOS Y TRANSPORTES VALERIA E.I.R.L.;ANDERSON VARGAS  POSTILLON / F47574170;15;;
CACERES DE CHECA LILIAN FRANCISCA 11.1;NDO LAS DELICIAS  -AREQUIPA-CAYLLOMA-MAJES;024-29783-01;;VOLVO/Y1N-908;TRANSPORTE FRIGONZA S.A.C.;FRANK PORTUGAL / H41407032;11.1;;
 AGRO B Y J S.A.C /16;FUNDO NAZARENO-AREQUIPA-CAYLLOMA-MAJES;024-36185-01;;VOLVO/V8I-982;GONZALES MESA ANA MARIA;SANTIAGO TORRES / F43001889;16;;
FUNDO ESTRELLA VARGAS ADRIAN E.I.R.L. /17;FUNDO ESTRELLA V.A. MAJES- CAYLLOMA-AREQUIPA;024-34608-01;;VOLVO/B3R-871;;CABANA DANTE / H44620432;17;;
 AGROAQUILES EXPORTACIONES E IMPORTACIONES E.I.R.L / 18;FUNDO DE ORO-AREQUIPA-CAYLLOMA-MAJES;024-29811-01;;SCANIA/BZP-932;;CARLOS ARCE / H45506873;18;;
AGRINPROC / 19;SAN ANTONIO I - MAJES - CAYLLOMA - AREQUIPA;024-40097-01;;VOLVO/AYD-850;;TORRES SALDIVAR / U29383045;19;;
PINTO CHAMBI FANNY ELENA / 20;VIRGEN DE CHAPI - MAJES - CAYLLOMA - AREQUIPA;024-40088-01;;INTERNATIONAL/C6D-939;;GERSON SAYRITUPAC / F73004187;20;;
GOMEZ SALAS REYMUNDO JUAN / 21;QUEBRADA HONDA - MOQUEGUA-MARISCAL NIETO-MOQUEGUA;026-01558-02;;FREIGHTLINER/C1L-750;;ARGELIS RIVAS / Q008991421;21;;
SOCIEDAD AGRICOLA DON VICENTE S.R.L./22;FUNDO SAN MARTIN - AREQUIPA-CAYLLOMA-MAJES;024-41116-02;;FREIGHTLINER/F2K-722;;ARTURO LLANOS / Q74297549;22;;
CORPORACION PORTUGAL E HIJOS S.A.C/23;SEÑOR DE LOS MILAGROS - AREQUIPA-CAYLLOMA-MAJES;024-40723-01;;FREIGHTLINER/AZI-865;;DANIEL TAFUR / Q44129443;23;;
AGRICOLA ASCENSION E.I.R.L/24;SAN JUAN BOSCO- AREQUIPA - CAYLLOMA-MAJES;024-31275-01;;;;;24;;
CAHUI VALENCIA JOHN HENRY / 25;FUNDO ARIANNA, AREQUIPA -CAYLLOMA-MAJES;024-31803-01;;;;;25;;
CHIRIO CORNEJO RICARDO / 26;FUNDO CHECO ASENT. E-6 P-1 - MAJES - CAYLLOMA - AREQUIPA;024- 41261-02;;;;;26;;
AGROGRALEX E.I.R.L. / 27;RUBIDIO GOMEZ, AREQUIPA - AREQUIPA - SAN JUAN DE SIGUAS;024-40722-01;;;;;27;;
CACERES CARDENAS HILARIO INOCENCIO / 28;FUNDO SANTA MARIA, AREQUIPA - CAYLLOMA - MAJES;024-40800-01;;;;;28;;
FRUTICOLA MAJES S.R.L / 29;JOSE VICENTE, AREQUIPA - CAYLLOMA - MAJES;024-41415-01;;;;;29;;
 BARREDA DELGADO JOSE ANTONIO / 30;MANUEL FELIX, AREQUIPA - CAYLLOMA-MAJES;024-19051-03;;;;;30;;
AGRICOLA TIERRA SANTA E.I.R.L / 31;FUNDO NACHO - MAJES -- CAYLLOMA - AREQUIPA;024-33904-02;;;;;31;;
CORPORACION PORTUGAL E HIJOS S.A.C/ 23.1;SEÑOR DE LOS MILAGROS 2 - MAJES - CAYLLOMA - AREQUIPA;024-40723-02;;;;;23.1;;
INVERSIONES SANTO AMARO S.A.C. / 32 ;FUNDO EL TRIUNFO, AREQUIPA-AREQUIPA-SANTA RITA DE SIGUAS;024-41184-01;;;;;32;;
RAICES AQP S.A.C. / 33;FUNDO LOS MANZANOS RAICES AQP S.A.C, AREQUIPA-AREQUIPA-SANTA RITA DE SIGUAS;024-40538-01;;;;;33;;
AGROBELONFRUIT S.R.L. / 34;GRUPO FRANJOR 2 - MAJES - CAYLLOMA - AREQUIPA;024-41499-01;;;;;34;;
HUACO LAZARTE MANUEL EDUARDO / 35;EL ALAMO, AREQUIPA-AREQUIPA-SAN JUAN DE SIGUAS;024-00075-01;;;;;35;;
 VICTORIA 11 E.I.R.L. / 36;FUNDO VICTORIA II,AREQUIPA-CAYLLOMA-MAJES;024-41500-02;;;;;36;;
ECOCROP TRADING PERU S.A.C. / 37;FUNDO ECOCROP, AREQUIPA-CAYLLOMA-MAJES;024-41498-01;;;;;37;;
 RIVERA PINTO CARLOS ORLANDO / 38;FUNDO LA RIVERA, AREQUIPA-AREQUIPA-SAN JUAN DE SIGUAS;024-19560-01;;;;;38;;
PALACIOS CARPIO RICARDO ERNESTO / 39;FUNDO DOÑA NATY, AREQUIPA-AREQUIPA-SAN JUAN DE SIGUAS;024-03424-01;;;;;39;;
MABEALESB SCRL / 40;FUNDO SAN ANTONIO, AREQUIPA-CAYLLOMA-MAJES;024-40094-01;;;;;40;;
MENDOZA TICONA DANY HUBERT / 41;FUNDO MENDOZA, AREQUIPA-AREQUIPA-SAN JUAN DE SIGUASS;024-03907-01;;;;;41;;
VILCA DE ZEGARRA NINFA ANDREA / 42;FUNDO DIVINO NIÑO 2 - LA JOYA - AREQUIPA;024-08760-02;;;;;42;;
TORRES ESPINOZA OCTAVIO AMADOR / 43;FUNDO TORRES, AREQUIPA - AREQUIPA - LA JOYA;024-03617-01;;;;;43;;
INVERSIONES AGROINDUSTRIALES MURGA E.I.R.L. / 44;FUNDO SAN GABRIEL, AREQUIPA-CAYLLOMA-MAJES;024-41523-01;;;;;44;;
IMATA OBANDO CENIA ELIZABETH / 45;SR DE LOS MILAGROS, AREQUIPA - CAYLLOMA - MAJES;024-41522-01;;;;;45;;
RIOS DENEGRI FELIX RUPERTO / 46;FUNDO AGRICOLA ALUMBRA, AREQUIPA - CAYLLOMA - MAJES;024-29380-01;;;;;46;;
VARGAS VARGAS MARIO SALOMON / 47;FUNDO VIRGEN DE CHAPI, AREQUIPA-CAYLLOMA-MAJES;024-12621-02;;;;;47;;
GUILLERMOS FARM SAC / 48;ANGEL 2, AREQUIPA-CAYLLOMA-MAJES;024-29343-02;;;;;48;;
GALLEGOS VERA FERNANDO BERNAL / 49;FUNDO SANTA FE, AREQUIPA-CAYLLOMA-MAJES;024-07663-01;;;;;49;;
REPRESENTACIONES E INVERSIONES MARQUEZ-PERU EIRL / 50;FUNDO EL HUARANGO, AREQUIPA,CAYLLOMA,MAJES;024-39357-01;;;;;50;;
UNIVERSIDAD CATOLICA DE SANTA MARIA / 51;FUNDO LA CATOLICA, AREQUIPA-CAYLLOMA-MAJES;024-18698-01;;;;;51;;
AGRICOLA LUREN SAC / 52;SAN JOSE - EL INGENIO - NAZCA - ICA;016-47605-01;;;;;52;;
NEGOCIOS NILZA EIRL / 53;FUNDO SANTA ROSA - LAGUNAS - CHICLAYO  - LAMBAYEQUE;004-03045-01;;;;;53;;
VERA DURAND LELIO MELQUIADES / 54;FUNDO CARMELITA, AREQUIPA-CAYLLOMA-MAJES;024-29349-01;;;;;54;;
TUERO QUISPE VICTOR HUGO / 55;LA CANDELARIA, AREQUIPA - CAYLLOMA-MAJES;024-28637-01;;;;;55;;
INVERSIONES JAVAL S.A.C / 56;LA CANDELARIA, AREQUIPA - CAYLLOMA-MAJES;024-17839-01;;;;;56;;
AGROINDUSTRIAL JESSICA S.A.C / 57;FUNDO AGROINDUSTRIAL JESSICA - MAJES - CAYLLOMA - AREQUIPA;024-19255-01;;;;;57;;
VALDIVIA GARCIA YSRAEL / 58;FUNDO VALDIVIA - AREQUIPA - CAYLLOMA - MAJES;024-41022-01;;;;;58;;
RAMOS TACURI CARLOS FERNANDO / 59;SAN MARTIN DE PORRES, AREQUIPA-CAYLLOMA-MAJES;024-41511-01;;;;;59;;
GRAPE FIELDS SAC / 60;VILLA CARMEN -  MAJES - CAYLLOMA - AREQUIPA;024-19035-01;;;;;60;;
QUALITY FIELDS SAC / 61;VILLA CARMEN, AREQUIPA - CAYLLOMA-MAJES;024-19848-01;;;;;61;;
CARBAJAL VIZA FREDY MARIO / 62;FUNDO EL MILAGRO - MAJES - CAYLLOMA - AREQUIPA;024-38770-01;;;;;62;;
BARRERA DELGADO JULIO CESAR / 63;VIÑEDOS DEL SOL MAJES - CAYLLOMA - AREQUIPA;024-39361-02;;;;;63;;
ESTABLO KARRODRI S.A.C. / 64;FUNDO KARRODRI 2 - AREQUIPA - CAYLLOMA - MAJES;024-32412-02;;;;;64;;
V.N. AGRO S.A.C. / 65;SECCION A PARCELA 343, AREQUIPA - CAYLLOMA - MAJES;024-40890-02;;;;;65;;
 BARREDA DELGADO JOSE ANTONIO / 30.1;VIRGEN DE COPACABANA LA JOYA - AREQUIPA - AREQUIPA;024-19051-02;;;;;;;
